1, ဢႃ - မႄႈၵပ်းငဝ်ႈ, "ပႃႈလႃႉၵႃႉမႃႉ မႃႉၵႃႈၼႃႇဝႃႈ ပႃႈသႃႇမႃးတႃႉ ႁႃးၵႂႃႇႁႃယႃ ႁႃပႃးပႃမႃး"
2, ဢီ - မႄႈၵပ်းငဝ်ႈ, "ပီႈဢီႇၺႃးမီ ၵႃႈတီႈလႃႇႁႃႉ မီပီးလီၼႃႇ တီႉမီမႃးတႃႉ ဝီးမီးတီႈၽႃ"
3, ဢူ - မႄႈၵပ်းငဝ်ႈ, "ငူးမီးတီႈႁူး ငူးမႃးၸူးၼူ သူလီႁူႉယူႇ ပူယႃႉၼႃးသူ ဝူဝႃၼႃႈႁူႇ"
4, ဢေ - မႄႈၵပ်းငဝ်ႈ, "ပႃႈသေးၸေးယူႇ မႃးႁႃၸေႈသႃ ၵႃႈတီႈရသေႉ ယႃႇပေမႃးယႃႉ ၶူးတေမႃးထႃႉ"
5, ဢႄ - မႄႈၵပ်းငဝ်ႈ, "မႃးႁႃတီႉပႄႉ ပႄႉမႄႈႁႄၼႃႇ ၵႃၵႄဝႄႈပႄႉ ဝႃႈၼႄလီလီ တေလီယူႇတႄႉ"
6, ဢူဝ် - မႄႈၵပ်းငဝ်ႈ, "ဝူဝ်းမီးတီႈၶူဝ် ပီႈငူဝ်ႉၵူဝ်ဝူဝ်း ဝီႁူဝ်သေလႄႈ ႁႃးတေၸူဝ်းလႄႇ ပႃးၶူဝ်းမႃးတႃႉ"
7, ဢေႃ - မႄႈၵပ်းငဝ်ႈ, "ပေႃႈမႄႈၶီႇလေႃႉ ႁေႃႈလေႃႉဝူဝ်းမႃး မႃးတေႃႉၶူဝ်းဝႃႇ ယႃႇပေမေႃးမႄး ႁႃမေႃႈမႃးတႃႉ"
8, ဢိုဝ် - မႄႈၵပ်းငဝ်ႈ, "မိုဝ်းသိုဝ်ႈလီၼႃႇ ၸိုဝ်ႈလိုဝ်းတႄႉတႄႉ မႃးလိုဝ်ႈတီႈတိုဝ်ႉ တေဝႃႈၵႃႈႁိုဝ်? ယႃႇပေတိုဝ်ၼႃႈ"
9, ဢိူဝ် - မႄႈၵပ်းငဝ်ႈ, "ယႃႇပေယိုဝ်းသိူဝ် ပေႃးမိူဝ်းၼႃႈမႃး ၶိူဝ်းႁႃးတေႁိူဝ်ႈ ၵႂႃႇမိူဝ်ႈႁိုဝ်းဢိူဝ်ႈ ၶိူဝ်းသိူဝ်ယႃႇငိူဝ်ႈ"
10, ဢႆ - မႄးၵပ်းသွၼ်ႉ, "ၵႆႇမႄႈမႃးၶႆႇ မီးဝႆႉတီႈၼႆႈ ၵႆႉၵႆႉမႃးလႄႇ တႆႈၾႆးဝႆႉတႃႉ တႆးႁိူဝ်ႈဝႆႉဢိူဝ်ႈ"
11, ဢၢႆ - မႄးၵပ်းသွၼ်ႉ, "ဢၢႆႈၸၢႆးၶၢႆၵႂၢႆး ဝၢႆးၼႆႉႁၢႆလၢႆ ၶၢႆငၢႆႈတႄႉတႄႉ ၽႃႈလၢႆႈပၢႆႉၽႃ ႁႃဝၢႆမႃးတႃႉ"
12, ဢုၺ် - မႄးၵပ်းသွၼ်ႉ, "ပႃႈတုၺ်ႈဢုၺ်ႉၼႃႇ ၵုၺ်ႉႁူဝ်မႆႉၽုၺ်း ၽုၺ်ႇသေႃးဝႆႉလႄႈ မႆၵုၺ်မီးၼႆႈ ယႃႇႁႆႈဢုၺ်ဢုၺ်"
13, ဢူၺ် - မႄးၵပ်းသွၼ်ႉ, "ၵေႃၵူၺ်ႈတီႈႁူၺ်ႈ ပီႈသူၺ်ႇမေႃတူၺ်း တူၺ်းတီႈၽူၺ်းမႆႉ ၼၢႆးမူၺ်လိုဝ်ႈယူႇ ၵႃႈတီႈႁူၺ်ႈတူၺ်"
14, ဢွႆ - မႄးၵပ်းသွၼ်ႉ, "ၼိူဝ်လွႆမီးပွႆး ပူႇလွႆတွႆႇႁွႆႈ ႁိူဝ်ႇၵေႃႈပေႃးယွႆႉ ၸၢႆးသႆႇမႃးၸွႆႈ ၵွႆႈတွႆႇလွႆးလွႆး"
15, ဢိုၺ် - မႄးၵပ်းသွၼ်ႉ, "ဢလိူၺ်ႉသူၵေႃႈ! ဢိူၺ်းႁိူၺ်း! တႃႉလီၶႆႈၶူဝ် ႁိူၺ်ႉ! သူၸိူဝ်းၼႆႉ မႃးလႃႈၵေႃႉႁိူၺ်း!"
16, ဢိူၺ် - မႄးၵပ်းသွၼ်ႉ, "ႁိူၺ်ႉ! ၵႂၢႆးတူဝ်ၼႆႉ ႁိူၺ်ႉႁိူၺ်ႉ! ဝူဝ်းတူဝ်ၼႆႉ"
17, ဢဝ် - မႄးၵပ်းသွၼ်ႉ, "ႁဝ်းဢဝ်ၶဝ်ႈၸဝ်ႉ ဢဝ်ပႃးထူဝ်ႇၼဝ်ႈ ယႃႇပေၵဝ်းႁဝ်း လိုဝ်ႈသဝ်းငဝ်ႈမႆႉ ၶဝ်ၵႆႉမဝ်းလဝ်ႈ"
18, ဢၢဝ် - မႄးၵပ်းသွၼ်ႉ, "ၶၢဝ်ႇငၢဝ်းတႆးမၢဝ်း ၶၢဝ်းၼႆႉလီၼႃႇ ယႃႇၵႆႉလႄႇသၢဝ် ၵူဝ်ဢၢဝ်ႁဝ်းထႃႉ မႃႉမီးသၢဝ်းတူဝ်"
19, ဢိဝ် - မႄးၵပ်းသွၼ်ႉ, "ဢဝ်သိဝ်ႇမႃးတႃႉ တေသိဝ်ႇမႆႉၽိဝ် ပူႇထဝ်ႈလိဝ်ပေႃ တိဝ်ႈသႃႉမႃးလႄႈ ၼိဝ်ႉပိဝ်ၵႂႃႇယဝ်ႉ"
20, ဢဵဝ် - မႄးၵပ်းသွၼ်ႉ, "သီၶဵဝ်ႈၶၢဝ်ၶၢဝ် ၸဝ်ႉၸဝ်ႉၸဵဝ်းၸဵဝ်း ႁဝ်းမႃးၵေႃႉလဵဝ် ၵႃႈတီႈလႃႈသဵဝ်ႈ ပႃးၶဝ်ႈၼဵဝ်မႃး"
21, ဢႅဝ် - မႄးၵပ်းသွၼ်ႉ, "လႅဝ်းတႆးၽၢႆၼႃႇ လႅဝ်းယႃႇလူႉလႅဝ် မႃးၽႅဝ်တီႈၼႆႈ လႆႈပႃၶႅဝ်ႉမႃး ႁႃးယႃႇပေငႅဝ်"
22, ဢႂ် - မႄးၵပ်းသွၼ်ႉ, "မႂ်မႆႉမီးလႂ်? ၽႂ်ႁႂ်ႈမႂ်းမႃး ပႂ်ႉပႃႈသႂ်လႄႈ ၶႂ်ႈၸႂ်လီလီ မီးတီႈၸႂ်ယႂ်ႇ"
23, ဢမ် - တူဝ်ၽႅတ်းသဵင်လင်, "ၵမ်ဝႆႉၶမ်းၼမ်ၼမ် မိူဝ်ႈၶမ်ႈယႃႇၸႂ်လမ် ၸွႆႈႁဝ်းတမ်ၶဝ်ႈၵမ်ႇ ပႃလမ်ယူႇၼႂ်းၼမ်ႉ မႃးယူႇၸမ်ၸမ်လႄႈ"
24, ဢၢမ် - တူဝ်ၽႅတ်းသဵင်လင်, "ႁၢမ်ဢလၢမ်ႇမႃးတႃႉ ၾႆးလၢမ်းၵႂႃႇၵူႈတီႈ ၸွႆႈၶႄၾႆးလၢမ်းလႄႈ ယႃႇပႂ်ႉမိူဝ်ႈပႂ်ႉယၢမ်း ယူႇလီလီငၢမ်းငၢမ်း"
25, ဢိမ် - တူဝ်ၽႅတ်းသဵင်လင်, "ၵိမ်းၾႆးမီးႁိမ်းၽႃ ႁႃဢိမ်ၶိမ်းမႃးတႃႉ ယူႇပႂ်ႉထႃႈၼိမ်ၼိမ် ၽိမ်းၼမ်ႉၶဝ်ႈဝႆႉလႄႈ ယႃႇပေၵူႈပေယိမ်"
26, ဢဵမ် - တူဝ်ၽႅတ်းသဵင်လင်, "ဢဝ်ၶေႃသဵမ်မႃးလႄႈ ႁဝ်းတေသဵမ်ႈမႆႉႁူဝ်ႉ သႂ်ႇၶဵမ်ဝႆႉတဵမ်တဵမ် ၵိူဝ်ၸဵမ်းၸွႆႉၵႃႈႁိုဝ်? ဝႃႈယူႇၸဵမ်မိူဝ်ႈၸဝ်ႉ"
27, ဢႅမ် - တူဝ်ၽႅတ်းသဵင်လင်, "တႅမ်ႈဝႆႉႁႂ်ႈၶႅမ်ႉၶႅမ်ႉ ဢၢႆႈတႅမ်ႇၵႃႉပႅမ်းမႃး ထႅမ်ၼမ်ႉဝႆႉထႃႈလႄႈ မေႃႈၶဝ်ႈတေၶႅမ်ႈယဝ်ႉ သဵမ်ႈမႆႉလႅမ်ဝႆႉလႄႈ"
28, ဢုမ် - တူဝ်ၽႅတ်းသဵင်လင်, "တုမ်မႆႉမီးတႂ်ႈဢုမ် ႁႃဝႆႉႁႂ်ႈၵုမ်ႇၵုမ်ႇ လုမ်းလႃးၸၢႆးၶဝ်တႃႉ ယုမ်ႉယုမ်ႉယၢႆႈယၢႆႈယူႇ တုမ်တုမ်ႉပုမ်ၶဝ်ဢိူဝ်ႈ"
29, ဢူမ် - တူဝ်ၽႅတ်းသဵင်လင်, "ၵူမ်ႈႁူဝ်သေမႃးလႄႈ ႁဝ်းၸွႆႈၶဝ်တူမ်ႈၶဝ်ႈ ၸူမ်းသိူဝ်းၸႂ်တႄႉတႄႉ လူမ်းပဝ်ႇမႆႉယူမ်းလူမ်ႉ ယႃႇပေထူမ်ႇၼမ်ႉလၢႆး"
30, ဢွမ် - တူဝ်ၽႅတ်းသဵင်လင်, "ၶဝ်ၽွမ်ႉသွမ်ႈၼႃးယူႇ လွမ်ႉႁူဝ်ႉဝႆႉလီလီ တေၵႂႃႇၸွမ်းသူဢိူဝ်ႈ ယွမ်ႉမႆဝႆႉသွမ်ႇသွမ်ႇ ၸွမ်းထွမ်ႇတူၺ်းလႄႈ"
31, ဢိုမ် - တူဝ်ၽႅတ်းသဵင်လင်, "ၵမ်ၸိုမ်းမီးတီႈၼႆႈ ယႃႇပေဝႆႉၸႂ်တိုမ် ၵႂၢမ်းႁဝ်းယႃႇပေလိုမ်း ႁႂ်ႈၵိုမ်းဝႆႉတေႃႇၸူဝ်ႈ ဢဝ်ၼၢမ်ၶိုမ်းႁူဝ်ႉဝႆႉ"
32, ဢိူမ် - တူဝ်ၽႅတ်းသဵင်လင်, "ငူးလိူမ်တူဝ်ယႂ်ႇၼႃႇ လႆႇတႃလိူမ်ႈလိူမ်ႈသေ ႁိူဝ်ႇပေႃးၶႆႈၸိူမ်ႈယဝ်ႉ ၶၢႆႉတူၼ်ႈမႆႉဝႆႉလႄႈ ၼိူဝ်ႉမူၸေႃးပိူမ်ႉၼႃႇ"
33, ဢၼ် - တူဝ်ၽႅတ်းသဵင်လင်, "ၸၢႆးၸၼ်ၽၼ်းမႆႉယူႇ မၼ်းလၼ်းၵၼ်းတႄႉတႄႉ ၵႃႈၶၼ်မၼ်းယႂ်ႇၼႃႇ ႁၼ်မၼ်းပၼ်ဢၼ်ၼၼ်ႉ ဝၼ်းၼႆႉဢမ်ႇပႆႇတၼ်း"
34, ဢၢၼ် - တူဝ်ၽႅတ်းသဵင်လင်, "ႁၢၼ်ႇၶေႃးယၢဝ်းတူဝ်ၼိုင်ႈ မီးယူႇတီႈတႂ်ႈၸၢၼ်း ႁၢၼ်ႇၼႆႉၶီႈယၢၼ်ႈၼႃႇ ၶဝ်ဢမ်ႇယူႇယၢၼ်ၵၼ် ၵိူဝ်ဝၢၼ်မီးၼႂ်းဝၢၼ်ႇ"
35, ဢိၼ် - တူဝ်ၽႅတ်းသဵင်လင်, "မေႃႈလိၼ်ၼႆႉၶႅမ်ႉၼႃႇ ဢမ်ႇလီၵိၼ်ယႃႈၽိၼ်ႇ တိၼ်ပေႃးသၼ်ႇတိၼ်းတိၼ်း ၵႃႈတီႈႁိမ်းၼမ်ႉလိၼ်း ႁဝ်းလီၵမ်သိၼ်ဢိူဝ်ႈ"
36, ဢဵၼ် - တူဝ်ၽႅတ်းသဵင်လင်, "တႆႈၾႆးတဵၼ်းဝႆႉတႃႉ ယႃႇပေလဵၼ်ႈၾႆးလႄႈ ၵူဝ်ပဵၼ်ၶဵၼ်တီႈသူ ဢဝ်ၵဵၼ်ၶူဝ်းႁဝ်းမႃး ယူႇယဵၼ်ယဵၼ်ပႂ်ႉထႃႈ"
37, ဢႅၼ် - တူဝ်ၽႅတ်းသဵင်လင်, "ၶဝ်လႅၼ်ႈဝႅၼ်ၶႅၼ်ႇၼႃႇ သိုဝ်ႉၶဝ်ႈတႅၼ်ပၼ်လႄႈ ၵမ်ဝႆႉႁႂ်ႈၵႅၼ်ႇၵႅၼ်ႇ မႅၼ်ႈၸႂ်ႁဝ်းတႄႉတႄႉ ႁႅၼ်တူၺ်းတီႈၼႆႈလူး"
38, ဢုၼ် - တူဝ်ၽႅတ်းသဵင်လင်, "လူႇၶဝ်ႈမုၼ်းၸဝ်ႈမုၼ် ၵႃႈတီႈၽၢႆႇပုၼ်ႉၵုၼ် ၶုၼ်ၶဝ်ၵေႃႈလူႇဢိူဝ်ႈ သိူဝ်ႈၼႃဢုၼ်ႇလီၼႃႇ ႁႃပုၼ်ႈၽႂ်ႇပုၼ်ႈမၼ်း"
39, ဢူၼ် - တူဝ်ၽႅတ်းသဵင်လင်, "ၽႅၼ်ႇၵူၼ်ၼႆႉၶူၼ်ၼႃႇ တူၼ်ႈၼိဝ်ႉမီးၼႂ်းသူၼ် ၶၢဝ်းၾူၼ်ထႆသူၼ်တႃႉ မူၼ်ႈသိူဝ်းၸႂ်တႄႉတႄႉ မၼ်းဢမ်ႇႁိူဝ်ႉဢမ်ႇဢူၼ်ႈ"
40, ဢွၼ် - တူဝ်ၽႅတ်းသဵင်လင်, "ၵွၼ်ႇတူဝ်ၼိုင်ႈၼွၼ်းယူႇ ဢွၼ်ၵၼ်မႃးတူၺ်းလူ ၶူၼ်မၼ်းၶွၼ်ႇၶွၼ်ႇဝႆႉ ယႃႇပေလႃႈလီႈထွၼ် သွၼ်ပၼ်ႁႂ်ႈမေႃတႃႉ"
41, ဢိုၼ် - တူဝ်ၽႅတ်းသဵင်လင်, "မေႃႇငိုၼ်းမီးၼမ်ႉတူႈ လီႁူႉပိုၼ်းၶိူဝ်းႁဝ်း မိူဝ်းၼႃႈတေယိုၼ်းယၢဝ်း ယႃႇပေၶိုၼ်းၶိုၼ်ၼႃႈ ၵူဝ်ဝႃႈပဵၼ်ၵူၼ်းတိုၼ်ႈ"
42, ဢိူၼ် - တူဝ်ၽႅတ်းသဵင်လင်, "ယိူၼ်ႉၸႂ်ပႂ်ႉတီႈႁိူၼ်း ၵႂႃႇၽၼ်းမႆႉၼႂ်းထိူၼ်ႇ ယႃႇမိူၼ်ႇၼႂ်းၵႄႈပိူၼ်ႈ ၶၢဝ်းမိူဝ်ႈလိူၼ်ႁႃႈၼႆႉ ဢဝ်ၽိူၼ်မႃးၶၢႆတႃႉ"
43, ဢင် - တူဝ်ၽႅတ်းသဵင်လင်, "မႃးၼင်ႈၼိူဝ်တင်ႇလႄႈ ၵင်ႈၽႃႈၵင်ႈဝႆႉတႃႉ ႁဝ်းတေပၵ်းသင်ႉထူဝ်ႇ သူၶႂ်ႈသင်ႇဢီႈသင်? ၸိုဝ်ႈလိုဝ်းလင်တႄႉတႄႉ"
44, ဢၢင် - တူဝ်ၽႅတ်းသဵင်လင်, "ပူႇၵၢင်ႉၶီႇၸၢင်ႉမႃး ၵၢင်ၼႂ်ၸဝ်ႉၾႃႉပၢင်ႇ လၢင်ႉမေႃႈၶၢင်ဝႆႉတႃႉ ၽူႈတၢင်တူဝ်ၵူၼ်းၼုမ်ႇ ႁၢင်ႈလီႁၢင်ႈငၢမ်းတႄႉ"
45, ဢိင် - တူဝ်ၽႅတ်းသဵင်လင်, "လိင်းမီးၼိူဝ်ၵိင်ႇမႆႉ ၸၢႆးၸိင်ႇၼွၼ်းဢိင်သဝ် ၶိင်းၵၢင်ႉၵူဝ်ပိင်ၼႃႇ ၾိင်ႈငႄႈယႃႇႁႂ်ႈႁၢႆ ပႃးတိင်ႇပႃးၶိင်မႃး"
46, ဢဵင် - တူဝ်ၽႅတ်းသဵင်လင်, "ဢဝ်ၵဵင်းမႃးတမ်းဝႆႉ ၵူၼ်းၼုမ်ႇၼႂ်းဝဵင်းႁဝ်း ၽွမ်ႉသဵင်ၵၼ်သဵင်ႈသဵင်ႈ တူၺ်းၵၼ်ႁႂ်ႈၽဵင်ႇၽဵင်ႇ ၵၢင်ဝၼ်းၸမ်တဵင်ႈယဝ်ႉ"
47, ဢႅင် - တူဝ်ၽႅတ်းသဵင်လင်, "ၸၢႆးလႅင်မီးသႅင်လီ ၼႄဝႆႉႁႂ်ႈၸႅင်ႈလႅင်း ၼၢင်းသႅင်မႃးဢဝ်တႅင် ၶၢဝ်းႁိုဝ်ႉတေႃႇၶၢဝ်းႁႅင်ႈ ဝႆႉၸႂ်ၶႅင်ၶႅင်တႃႉ"
48, ဢုင် - တူဝ်ၽႅတ်းသဵင်လင်, "လုင်းႁဝ်းမႄးပုင်းၼမ်ႉ ယႃႇပေဢဝ်မႆႉပုင်ႈ ၼုင်ႈၶူဝ်းၼုင်ႈၸွမ်းထုင်း မႆႉႁုင်းမီးၼိူဝ်ၵုင်း မုင်ႈတူၺ်းတီႈသုင်သုင်"
49, ဢူင် - တူဝ်ၽႅတ်းသဵင်လင်, "ၽုၺ်ႇႁူင်းႁဵၼ်းၸၼ်ႉသုင် ၶူးသွၼ်ၼၢင်းၶမ်းၽူင်း ပႆလူင်းႁူင်းသွၼ်မႃး ပႃးထူင်လႄႈပပ်ႉလိၵ်ႈ ဝူင်ႈၼႆႉသိုဝ်ႉလူင်ႈမိူဝ်း"
50, ဢွင် - တူဝ်ၽႅတ်းသဵင်လင်, "ၵွင်မွင်းႁဝ်းလင်ၼႃႇ သဵင်မွင်းဝႃႈတွင်းတွင်း ၸၢႆးၶွင်ႇၼင်ႈတၢင်းႁွင်ႇ ၼၢင်းၽွင်တေႁွင်ႉၵႂၢမ်း ၼၢင်းၵွင်ၵင်ႈၸွင်ႈယူႇ"
51, ဢိုင် - တူဝ်ၽႅတ်းသဵင်လင်, "ၽွမ်ႉၵၼ်မိူၼ်ၼင်ႇၽိုင်ႈ ၶိုင်ပွင်ၵၢၼ်မူႇၸုမ်း ႁႂ်ႈထိုင်တီႈလီလီ ယႃႇပေမိုင်ႉငဝ်ယူႇ ပူၼ်ႉမႃးႁိုင်ၼႃႇယဝ်ႉ"
52, ဢိူင် - တူဝ်ၽႅတ်းသဵင်လင်, "ပိူင်းၾႆးပၼ်ႁဝ်းလႄႈ ႁဝ်းတေၶိုင်ႁႂ်ႈႁိူင်း ယႃႇပေပၼ်မၼ်းပိူင်ႈ ယိူင်ႈၸွမ်းပိူင်မီးတႃႉ ႁႂ်ႈထိုင်တီႈယိူင်းမၢႆ"
53, ဢပ် - တူဝ်ၽႅတ်းသဵင်ၶၢတ်ႇ, "တေႁၼ်ၼႂ်းပပ်ႉယူႇ ၶပ်ႉႁႂ်ႈၸပ်းၸပ်းတႃႉ ၼပ်ႉၼပ်ႉသွၼ်ႇသွၼ်ႇလႄႈ လိူၼ်လပ်းလပ်ႉလႅဝ်းဝႆႉ ႁဝ်းတေၵႂႃႇႁပ်ႉသူ"
54, ဢၢပ် - တူဝ်ၽႅတ်းသဵင်ၶၢတ်ႇ, "ၸွႆႈၵၼ်ႁၢပ်ႇဢမ်ႇယၢပ်ႇ ၽႂ်မၢပ်ႇႁဝ်းဢမ်ႇလႆႈ ၵၢပ်ႇၼႃတီႈငၢပ်ႇၽႃ ၶၢပ်ႈၵၢပ်ႇမိူဝ်ႈၵေႃႈမီး ပၢပ်ႈဢဝ်ယၢပ်ႇတႄႉတႄႉ"
55, ဢိပ် - တူဝ်ၽႅတ်းသဵင်ၶၢတ်ႇ, "ဢဝ်ထူႇၵိပ်ႈဝႆႉလႄႈ ယႃႇပေယိပ်းတပ်းလိပ်း မႆႉလိပ်းမီးသိပ်းလႅမ်ႈ ယႃႇပေဢဝ်တိၼ်ထိပ်ႇ ၵူဝ်ၶႃသူလိပ်ႈဢိူဝ်ႈ"
56, ဢဵပ် - တူဝ်ၽႅတ်းသဵင်ၶၢတ်ႇ, "မႃးလႄႈႁဝ်းၵဵပ်းႁဵပ်း ၼဵပ်ႉမိုဝ်းသူယၢဝ်းၼႃႇ ယႃႇယဵပ်ႇၶိုၼ်ႈယဵပ်ႇလူင်း လဵပ်ႈမႃးၽၢႆႇၼႆႉလႄႈ သူယဵပ်ႉၶူဝ်းယဝ်ႉၼႄႇ"
57, ဢႅပ် - တူဝ်ၽႅတ်းသဵင်ၶၢတ်ႇ, "တိုဝ်းၶႅပ်းႁႂ်ႈလႅပ်ႈလႅပ်ႈ ယႃႇပေၽႅပ်ႉတႃတူၺ်း ၵူဝ်တႃၸဵပ်းသႅပ်ႇဢိူဝ်ႈ ထူဝ်ႇတႅပ်ႇမီးၼႂ်းသူၼ် ယႃႇပေတႅပ်းၶိူဝ်းမၼ်း"
58, ဢုပ် - တူဝ်ၽႅတ်းသဵင်ၶၢတ်ႇ, "သုပ်းၵုပ်းသေဢုပ်ႇၵၼ် မႂ်းၼႆႉလုပ်ႉလၢပ်ႉၼႃႇ တုပ်ႇၸွင်ႈဝႆႉသေလႄႈ ၼိူဝ်ႉဢုပ်ႉမီးၼႂ်းဢုပ်း ယႃႇပေထုပ်ႉပေႃႉၼႃႈ"
59, ဢူပ် - တူဝ်ၽႅတ်းသဵင်ၶၢတ်ႇ, "ၵူပ်းၼႆႉဢမ်ႇၸၢင်ႈၶူပ်း တူပ်ႉၽႃႈလူပ်းသူလႄႈ ၶူပ်းၶူပ်းၶိုၼ်ႈၶိုၼ်ႈၼႃႇ ယႃႇဢႃႈသူပ်းႁႅၼ်ၵၢင်း ငူပ်ႉဝၢၼ်ႇဝႆႉသေလႄႈ"
60, ဢွပ် - တူဝ်ၽႅတ်းသဵင်ၶၢတ်ႇ, "ႁွပ်ႇၼွင်ႉသူဝႆႉလႄႈ ၶွပ်ႈၶူပ်ႇၼိုင်ႈပီၼႆႉ လီတွပ်ႇၵုင်ႇပေႃႈမႄႈ ၵွပ်ႈၶဝ်တူၺ်းထိုင်ႁဝ်း သွပ်ႉသႅပ်ႉတွပ်ႇၵႂၢမ်းၶဝ်"
61, ဢိုပ် - တူဝ်ၽႅတ်းသဵင်ၶၢတ်ႇ, "မႆသိုပ်ႇမီးလၢႆၶိုပ်ႈ လီလိုပ်ႈၸိူဝ်းၽူႈၶဵၼ် ပေႃးၶၢၼ်ႉၸၢင်ႈဢိုပ်းဢိူဝ်ႈ တီႈငိုပ်းၼႆႉဢမ်ႇလီ ယႃႇပေတိုပ်ႈတိၼ်လႄႈ"
62, ဢိူပ် - တူဝ်ၽႅတ်းသဵင်ၶၢတ်ႇ, "တီႈငိူပ်ႇၽႃမီးထမ်ႈ ၼႂ်းထမ်ႈမီးဢိူပ်ႇၶမ်း မီးတီႈလွႆၽႃငိူပ်ႇ ဢဝ်ဝႆႉၼႂ်းပိူပ်ႈၼမ်ႉ ဢိူပ်ႇၶူဝ်းၵေႃႈမီးဢိူဝ်ႈ"
63, ဢတ် - တူဝ်ၽႅတ်းသဵင်ၶၢတ်ႇ, "ၽူႈၸၢႆးၵူၼ်းၵတ်ႉ မီးတၢင်းႁတ်းႁၢၼ် ၵတ်းၵေႃႈဢမ်ႇၵူဝ် ယႃႇပေၶတ်းမၼ်း လတ်းၵႂႃႇသိုဝ်ႈသိုဝ်ႈ"
64, ဢၢတ် - တူဝ်ၽႅတ်းသဵင်ၶၢတ်ႇ - ဢၢတ်, "ၶၢႆသၢတ်ႇတီႈၼႂ်းၵၢတ်ႇ ၵႂႃႇလၢတ်ႈႁႃလွႆးလွႆး ယႃႇႁႂ်ႈလႆႈၽၢတ်ႇၵၼ် ၸိူဝ်ႉၸၢတ်ႈၶိူဝ်းၵူၼ်းႁဝ်း ဝၢတ်ႈပၢင်ၵႂၢင်ႈၵႂၢင်ႈလႄႈ"
65, ဢိတ် - တူဝ်ၽႅတ်းသဵင်ၶၢတ်ႇ, "ဢဝ်မိတ်ႈဝိတ်ႉမႃးတႃႉ ႁဝ်းတေလိတ်ႉၵိင်ႇမႆႉ ယႃႇပေလၢတ်ႈၵႂၢမ်းၽိတ်း ၾႆးၶိတ်ႇထုပ်ႉၵႃႈႁိုဝ်? လိတ်ႈတူၺ်းလီလီလႄႈ"
66, ဢဵတ် - တူဝ်ၽႅတ်းသဵင်ၶၢတ်ႇ, "လဵင်ႉပဵတ်းဝႆႉၼမ်ၼမ် ႁဵတ်းသင်ႁဵတ်းတႄႉတႄႉ ယူႇတဵတ်ႇတဵတ်ႇယဵၼ်ယဵၼ် ပဵၼ်ႁိုဝ်ၵေႃႈဢမ်ႇသဵတ်ႈ သူမေႃသၢၼ်ပဵတ်ႈႁႃႉ?"
67, ဢႅတ် - တူဝ်ၽႅတ်းသဵင်ၶၢတ်ႇ, "ၽႂ်ပဵၼ်တႆးၸႅတ်ႈၸႅတ်ႈ ယႃႇပေပႅတ်ႈၸ်ိူဝ်ႉၶိူဝ်း ႁဵတ်းသင်ႁဵတ်းတႅတ်ႈၼႅတ်ႈ ႁိူဝ်ႈလႅင်းမိူၼ်သၢႆလႅတ်ႇ ၵႅတ်းပႅတ်ႈၼိပ်ႉမိုဝ်းသူ"
68, ဢုတ် - တူဝ်ၽႅတ်းသဵင်ၶၢတ်ႇ, "ၵၢင်သုတ်းဝႆႉထႃႈလႄႈ ယႃႇပေလုတ်ႇယႃႈၽိၼ်ႇ မေႃႇသႅင်မီးမိူင်းၵုတ်ႈ ၵူဝ်လုတ်ႈမိုဝ်ႉလုတ်ႈယၢမ်း သုတ်ႉမႃးၸမ်ၸမ်တႃႉ"
69, ဢူတ် - တူဝ်ၽႅတ်းသဵင်ၶၢတ်ႇ, "ၶုတ်ႇၼူတ်ႇမူတ်းမူတ်း ၼမ်ႉမႆႈဢမ်ႇပႆႇၽူတ်ႉ ယႃႇပေၼႅတ်ႈႁူတ်းၾႆး ဝူတ်ႈၶႅၼ်သိူဝ်ႈသေလႄႈ ၵူၼ်းၸႂ်ၵူတ်ႉဢမ်ႇလီ"
70, ဢွတ် - တူဝ်ၽႅတ်းသဵင်ၶၢတ်ႇ, "ယွတ်ႈမႆႉၽွတ်ႉပွတ်းၼႃႇ ၸၢႆးယွတ်ႈႁႃဝူဝ်းလွတ်ႈ ႁႃတူၺ်းႁႂ်ႈၸွတ်ႇၸွတ်ႇ ႁွတ်ႈၽႅဝ်တူၼ်ႈမႆႉၼွတ်ႈ ၸၢႆးဢွတ်ႉထွတ်ႇဢုတ်ႇယူႇ"
71, ဢိုတ် - တူဝ်ၽႅတ်းသဵင်ၶၢတ်ႇ, " ၸွႆႈၵၼ်တိုတ်ႉႁႂ်ႈပႄႉ ယႃႇပေၵူဝ်ယၢပ်ႇၽိုတ်ႇ ၶဝ်ၵိုတ်းပႂ်ႉႁဝ်းယူႇ ၵႂႃႇႁႂ်ႈၶိုတ်းၶဝ်လႄႈ လီမိုတ်ႈၵၼ်တႄႉတႄႉ"
72, ဢိူတ် - တူဝ်ၽႅတ်းသဵင်ၶၢတ်ႇ, "ႁိူတ်ႈၶူပ်းၼႆႉဢမ်ႇလီ ပဵၼ်ဝၢၼ်ႈၵိူတ်ႇမိူင်းၼွၼ်း ၼိူဝ်ႉလိူတ်ႈၶိူဝ်းၵူၼ်းႁဝ်း မၼ်းဢမ်ႇၸႂ်ႈမႆႉမိူတ်ႇ သူၵိူတ်ႇမိူဝ်ႈပီႊလႂ်?"
73, ဢၵ် - တူဝ်ၽႅတ်းသဵင်ၶၢတ်ႇ, "ၵႆႉသၵ်ႉၶူဝ်းသူလႄႈ သၵ်ႉၼိူဝ်ပႅၼ်ႈမႆႉႁၵ်ႉ မႆႉသၵ်းႁဵတ်းၶွၼ်ႉသၵ်ႉ ၵူၼ်းၵၵ်းလၵ်ႉၽၵ်းပၵ်ႉ ပိူၼ်ႈဢွၼ်ၵၼ်တၵ်ႉမၼ်း"
74, ဢၢၵ် - တူဝ်ၽႅတ်းသဵင်ၶၢတ်ႇ, "ႁဝ်းတေၵႂႃႇသိုဝ်ႉၸၢၵ်ႈ ပဵၼ်တႃႇလွင်ႈမၢၵ်ႈမီး တေၽၢၵ်ႇတွၼ်ႈသူဢိူဝ်ႈ ၵူႈယႃမၢၵ်ႇဝႆႉတႃႉ လၢၵ်ႈၽၢၵ်ႈတၢၵ်ႇသေလႄႈ"
75, ဢိၵ် - တူဝ်ၽႅတ်းသဵင်ၶၢတ်ႇ, "ယႃႇပေသိၵ်ႇပပ်ႉလိၵ်ႈ လိၵ်ႈလၢႆးပၼ်တၢင်းႁူႉ ၶတ်းၸႂ်ႁဵၼ်းတိၵ်းတိၵ်း ႁႂ်ႈထိုင်တီႈၸိၵ်းၸွမ် လွမ်ၶူဝ်ယူႇၶိၵ်းၶိၵ်း"
76, ဢဵၵ် - တူဝ်ၽႅတ်းသဵင်ၶၢတ်ႇ, "ၸၢႆးလဵၵ်းဝဵၵ်ႉသူၼ်ယူႇ ယႃႇပေတဵၵ်းၼဵၵ်းမၼ်း ၽၵ်းသူမ်ႈတဵၵ်းဝၢၼ်ၼႃႇ ဢဝ်သႂ်ႇပုင်းႁဵၵ်ႇမႃး ၼၢင်းလဵၵ်ႉယၵ်ႉၸမ်ႈယူႇ"
77, ဢႅၵ် - တူဝ်ၽႅတ်းသဵင်ၶၢတ်ႇ, "ႁဝ်းမီးလွႆပႅၵ်ႇ ဝႆႉလႅၵ်ႈဢဝ်ငိုၼ်းၶမ်း ယႃႇပေတႅၵ်ႇၵၼ်တႃႉ ၸွႆႈၵၼ်ၵႂႃႇမႅၵ်ႇပႅၵ်ႇ ၸႅၵ်ႇႁႂ်ႈၵႃႈၵၼ်လႄႈ"
78, ဢုၵ် - တူဝ်ၽႅတ်းသဵင်ၶၢတ်ႇ, "လုၵ်ႉသုၵ်ႈၼႃႈလီငၢမ်း ၶုၵ်းၸႂ်လႆႈတူၼ်ႈၵုၵ်ႉ မိူဝ်ႈၽုၵ်ႈလုၵ်ႉၸဝ်ႉၸဝ်ႉ ထုၵ်ႇလီသွၼ်လုၵ်ႈဢွၼ်ႇ ၶဝ်ႈပုၵ်းၶၢႆထုၵ်ႇၼႃႇ"
79, ဢူၵ် - တူဝ်ၽႅတ်းသဵင်ၶၢတ်ႇ, "ၼူၵ်ႉၵူၵ်ႇၵၢၵ်ႈႁူၵ်းတူဝ် တူၵ်းၼႂ်းပႃႇမႆႉပူၵ်ႇ သဵင်ႁွင်ႉဝႃႈပူၵ်းပူၵ်း မီးယူႇတီႈယုမ်းႁူၵ်ႉ ပူၵ်ႉၶူဝ်းသူတူၵ်းၼေႈ"
80, ဢွၵ် - တူဝ်ၽႅတ်းသဵင်ၶၢတ်ႇ, "ဢဝ်မွၵ်ႇသႂ်ႇၵွၵ်းယဝ်ႉ မႃးၵိၼ်မၢၵ်ႇၸွၵ်းလႄႈ ယႃႇပေယူႇၸွမ်းၸွၵ်ႉ ႁဝ်းၶၢၼ်ႉသွၵ်ႈႁႃသူ ပွၵ်ႈမႃးဝႆးဝႆးလႄႈ"
81, ဢိုၵ် - တူဝ်ၽႅတ်းသဵင်ၶၢတ်ႇ, "သိုၵ်းတိုၼ်းၵိုၵ်းၵမ်ႇၽႃႇ တိုၵ်းသိုၵ်းၵေႃႈယႃႇၵူဝ် လီၶႂ်ႈၸႂ်လိုၵ်ႉလိုၵ်ႉ ၽင်ႇႁိုၵ်းပဵင်းၼႃႈဢိုၵ်း ၽိုၵ်းတႅမ်ႈလိၵ်ႈၵူႈၶမ်ႈ"
82, ဢိူၵ် - တူဝ်ၽႅတ်းသဵင်ၶၢတ်ႇ, "ၵူၼ်းတိူၵ်ႈလႄႈၵူၼ်းမိူၵ်ႈ မၼ်းဢမ်ႇထိူၵ်ႈဢွၼ်ႁူဝ် ပေႃးၵူဝ်မႃးၼႃႈၽိူၵ်ႇ လီလိူၵ်ႈဢဝ်ၸိူၵ်ႈမတ်ႉ ပၼ်မၼ်းၵိၼ်ၶဝ်ႈပိူၵ်ႇ"
